ec	ec	0.0
ec	fr	9418.4
ec	ar	4329.75
ec	fi	10911.23
ec	no	10000.95
ec	it	10205.11
ec	lt	10937.62
ec	ph	17496.97
ec	tw	16826.89
ec	nz	11283.85
ec	ee	10941.66
ec	tr	12143.27
ec	us	4690.5
ec	sv	2100.71
ec	cr	1427.7
ec	de	10070.52
ec	cl	3824.95
ec	jp	14664.92
ec	br	3197.22
ec	hn	2090.92
ec	gt	2364.15
ec	ch	9882.73
ec	hu	10737.02
ec	ca	6929.29
ec	pe	890.09
ec	be	9646.1
ec	my	19748.99
ec	dk	10033.53
ec	bo	2266.65
ec	pl	10669.46
ec	at	10362.47
ec	pt	8434.18
ec	se	10561.28
ec	mx	3868.14
ec	pa	1188.39
ec	uy	4139.3
ec	is	8803.04
ec	es	8832.55
ec	cz	10424.9
ec	ie	8862.56
ec	nl	9723.5
ec	sk	10738.23
ec	co	832.54
ec	sg	19785.19
ec	id	18637.19
ec	do	2449.24
ec	lu	9755.39
ec	gb	9220.87
ec	al	10839.78
ec	py	3208.7
ec	au	15440.5
ec	lv	10951.03
ec	gr	10998.42
ec	hk	17369.8
fr	ec	9418.4
fr	fr	0.0
fr	ar	11464.33
fr	fi	2298.34
fr	no	1635.56
fr	it	957.61
fr	lt	1809.59
fr	ph	11106.64
fr	tw	10099.04
fr	nz	19178.52
fr	ee	2050.91
fr	tr	2798.73
fr	us	7665.22
fr	sv	8988.81
fr	cr	8917.32
fr	de	815.79
fr	cl	11708.6
fr	jp	9849.63
fr	br	8624.88
fr	hn	8676.66
fr	gt	8931.57
fr	ch	464.63
fr	hu	1319.93
fr	ca	6840.47
fr	pe	9779.97
fr	be	503.78
fr	my	10414.84
fr	dk	1224.21
fr	bo	9563.15
fr	pl	1381.63
fr	at	947.56
fr	pt	1138.96
fr	se	1882.79
fr	mx	9189.67
fr	pa	8785.15
fr	uy	10510.5
fr	is	2447.01
fr	es	801.5
fr	cz	1061.95
fr	ie	1093.78
fr	nl	693.46
fr	sk	1339.33
fr	co	8604.41
fr	sg	10786.87
fr	id	11720.97
fr	do	7173.29
fr	lu	493.75
fr	gb	1091.26
fr	al	1545.6
fr	py	9855.76
fr	au	15158.38
fr	lv	1934.0
fr	gr	1783.59
fr	hk	9773.82
ar	ec	4329.75
ar	fr	11464.33
ar	ar	0.0
ar	fi	13672.68
ar	no	12781.63
ar	it	11784.63
ar	lt	13273.16
ar	ph	17125.22
ar	tw	18321.18
ar	nz	9385.39
ar	ee	13495.23
ar	tr	13229.79
ar	us	9017.25
ar	sv	6373.78
ar	cr	5748.45
ar	de	12279.31
ar	cl	766.26
ar	jp	18069.14
ar	br	2924.11
ar	hn	6410.73
ar	gt	6633.97
ar	ch	11855.01
ar	hu	12571.98
ar	ca	11258.5
ar	pe	3443.45
ar	be	11904.85
ar	my	15940.67
ar	dk	12561.92
ar	bo	2460.18
ar	pl	12826.23
ar	at	12283.17
ar	pt	10329.11
ar	se	13242.12
ar	mx	8004.22
ar	pa	5515.42
ar	uy	966.14
ar	is	12128.41
ar	es	10670.79
ar	cz	12483.69
ar	ie	11508.85
ar	nl	12065.04
ar	sk	12672.99
ar	co	4904.82
ar	sg	15698.64
ar	id	15647.61
ar	do	6391.3
ar	lu	11946.08
ar	gb	11881.3
ar	al	12251.34
ar	py	1735.63
ar	au	12704.18
ar	lv	13395.19
ar	gr	12239.64
ar	hk	18219.78
fi	ec	10911.23
fi	fr	2298.34
fi	ar	13672.68
fi	fi	0.0
fi	no	936.69
fi	it	2395.25
fi	lt	758.74
fi	ph	9057.43
fi	tw	7962.4
fi	nz	16902.38
fi	ee	372.34
fi	tr	2633.63
fi	us	7822.92
fi	sv	9881.01
fi	cr	10041.73
fi	de	1512.0
fi	cl	13817.44
fi	jp	7552.64
fi	br	10770.66
fi	hn	9616.47
fi	gt	9741.91
fi	ch	2012.76
fi	hu	1688.16
fi	ca	6245.2
fi	pe	11470.37
fi	be	1812.62
fi	my	8876.57
fi	dk	1116.32
fi	bo	11565.97
fi	pl	1180.94
fi	at	1750.25
fi	pt	3391.16
fi	se	431.32
fi	mx	9455.35
fi	pa	10016.17
fi	uy	12739.02
fi	is	2202.64
fi	es	3095.5
fi	cz	1486.83
fi	ie	2198.37
fi	nl	1635.83
fi	sk	1521.17
fi	co	10080.44
fi	sg	9253.13
fi	id	9988.92
fi	do	8479.38
fi	lu	1805.19
fi	gb	1818.49
fi	al	2339.47
fi	py	11997.1
fi	au	13404.84
fi	lv	564.6
fi	gr	2554.69
fi	hk	7738.47
no	ec	10000.95
no	fr	1635.56
no	ar	12781.63
no	fi	936.69
no	no	0.0
no	it	2086.8
no	lt	1082.53
no	ph	9982.38
no	tw	8873.02
no	nz	17647.79
no	ee	953.05
no	tr	3026.26
no	us	7186.46
no	sv	9072.92
no	cr	9186.15
no	de	1042.03
no	cl	12895.37
no	jp	8334.87
no	br	9866.61
no	hn	8795.23
no	gt	8951.47
no	ch	1518.25
no	hu	1642.56
no	ca	5850.1
no	pe	10541.26
no	be	1136.1
no	my	9791.57
no	dk	471.74
no	bo	10634.55
no	pl	1154.73
no	at	1492.84
no	pt	2612.67
no	se	561.25
no	mx	8809.57
no	pa	9140.83
no	uy	11862.64
no	is	1473.24
no	es	2377.82
no	cz	1263.83
no	ie	1275.92
no	nl	947.47
no	sk	1494.09
no	co	9168.8
no	sg	10169.0
no	id	10923.05
no	do	7582.33
no	lu	1194.02
no	gb	900.46
no	al	2291.88
no	py	11087.91
no	au	14341.42
no	lv	1011.23
no	gr	2553.81
no	hk	8667.82
it	ec	10205.11
it	fr	957.61
it	ar	11784.63
it	fi	2395.25
it	no	2086.8
it	it	0.0
it	lt	1692.33
it	ph	10581.35
it	tw	9668.51
it	nz	18537.78
it	ee	2051.72
it	tr	1940.74
it	us	8618.64
it	sv	9908.83
it	cr	9801.73
it	de	1045.85
it	cl	12130.59
it	jp	9728.23
it	br	9069.19
it	hn	9592.97
it	gt	9861.66
it	ch	649.03
it	hu	804.62
it	ca	7704.88
it	pe	10489.11
it	be	1142.9
it	my	9645.82
it	dk	1615.34
it	bo	10110.29
it	pl	1222.65
it	at	646.8
it	pt	1771.28
it	se	2071.85
it	mx	10147.29
it	pa	9649.66
it	uy	10818.6
it	is	3243.23
it	es	1372.57
it	cz	911.49
it	ie	2006.2
it	nl	1265.77
it	sk	938.57
it	co	9408.68
it	sg	10010.39
it	id	11003.53
it	do	8041.7
it	lu	1013.37
it	gb	1897.96
it	al	637.66
it	py	10282.64
it	au	14380.86
it	lv	1876.18
it	gr	841.95
it	hk	9262.81
lt	ec	10937.62
lt	fr	1809.59
lt	ar	13273.16
lt	fi	758.74
lt	no	1082.53
lt	it	1692.33
lt	lt	0.0
lt	ph	9327.21
lt	tw	8295.42
lt	nz	17369.08
lt	ee	387.06
lt	tr	1990.95
lt	us	8265.17
lt	sv	10128.31
lt	cr	10208.0
lt	de	997.54
lt	cl	13510.04
lt	jp	8101.51
lt	br	10428.48
lt	hn	9844.0
lt	gt	10015.08
lt	ch	1430.39
lt	hu	940.7
lt	ca	6846.69
lt	pe	11409.01
lt	be	1397.47
lt	my	8868.45
lt	dk	907.09
lt	bo	11329.2
lt	pl	477.8
lt	at	1067.73
lt	pt	2947.49
lt	se	632.89
lt	mx	9890.32
lt	pa	10141.57
lt	uy	12317.5
lt	is	2552.98
lt	es	2602.94
lt	cz	822.4
lt	ie	2075.35
lt	nl	1266.53
lt	sk	777.26
lt	co	10106.31
lt	sg	9246.36
lt	id	10081.64
lt	do	8557.92
lt	lu	1336.05
lt	gb	1719.29
lt	al	1582.01
lt	py	11660.1
lt	au	13537.29
lt	lv	195.37
lt	gr	1796.18
lt	hk	7994.72
ph	ec	17496.97
ph	fr	11106.64
ph	ar	17125.22
ph	fi	9057.43
ph	no	9982.38
ph	it	10581.35
ph	lt	9327.21
ph	ph	0.0
ph	tw	1205.91
ph	nz	8090.4
ph	ee	9173.6
ph	tr	8814.93
ph	us	13215.51
ph	sv	15518.18
ph	cr	16235.84
ph	de	10317.07
ph	cl	17149.56
ph	jp	3072.15
ph	br	19316.64
ph	hn	15626.45
ph	gt	15265.9
ph	ch	10670.57
ph	hu	9863.17
ph	ca	11144.5
ph	pe	18137.07
ph	be	10724.67
ph	my	2378.53
ph	dk	10133.36
ph	bo	19323.72
ph	pl	9726.64
ph	at	10201.83
ph	pt	12235.52
ph	se	9477.73
ph	mx	13713.39
ph	pa	16567.63
ph	uy	17815.71
ph	is	10758.79
ph	es	11856.74
ph	cz	10046.88
ph	ie	11255.07
ph	nl	10586.77
ph	sk	9798.67
ph	co	17384.25
ph	sg	2356.4
ph	id	1749.33
ph	do	16263.24
ph	lu	10657.61
ph	gb	10875.6
ph	al	10013.28
ph	py	18839.43
ph	au	4437.26
ph	lv	9239.46
ph	gr	9945.01
ph	hk	1333.12
tw	ec	16826.89
tw	fr	10099.04
tw	ar	18321.18
tw	fi	7962.4
tw	no	8873.02
tw	it	9668.51
tw	lt	8295.42
tw	ph	1205.91
tw	tw	0.0
tw	nz	9083.97
tw	ee	8108.65
tw	tr	8026.49
tw	us	12240.59
tw	sv	14731.03
tw	cr	15426.59
tw	de	9292.66
tw	cl	18219.59
tw	jp	2163.78
tw	br	18723.82
tw	hn	14775.47
tw	gt	14468.53
tw	ch	9682.51
tw	hu	8911.98
tw	ca	10085.51
tw	pe	17672.44
tw	be	9686.06
tw	my	2973.43
tw	dk	9059.48
tw	bo	19063.39
tw	pl	8719.57
tw	at	9229.94
tw	pt	11237.62
tw	se	8389.24
tw	mx	12960.97
tw	pa	15721.37
tw	uy	18981.88
tw	is	9577.53
tw	es	10875.31
tw	cz	9052.39
tw	ie	10148.93
tw	nl	9536.44
tw	sk	8830.05
tw	co	16462.25
tw	sg	3095.63
tw	id	2826.91
tw	do	15144.12
tw	lu	9631.43
tw	gb	9772.29
tw	al	9141.88
tw	py	19947.11
tw	au	5617.36
tw	lv	8191.06
tw	gr	9109.25
tw	hk	715.65
nz	ec	11283.85
nz	fr	19178.52
nz	ar	9385.39
nz	fi	16902.38
nz	no	17647.79
nz	it	18537.78
nz	lt	17369.08
nz	ph	8090.4
nz	tw	9083.97
nz	nz	0.0
nz	ee	17133.23
nz	tr	16597.05
nz	us	12549.39
nz	sv	11522.34
nz	cr	11666.92
nz	de	18363.21
nz	cl	9135.96
nz	jp	9351.72
nz	br	12220.0
nz	hn	11842.68
nz	gt	11551.16
nz	ch	18760.84
nz	hu	17937.14
nz	ca	13063.62
nz	pe	10978.13
nz	be	18714.89
nz	my	8896.45
nz	dk	18004.98
nz	bo	11261.84
nz	pl	17803.52
nz	at	18289.26
nz	pt	19701.55
nz	se	17326.38
nz	mx	11113.73
nz	pa	11829.86
nz	uy	10338.88
nz	is	17195.7
nz	es	19889.21
nz	cz	18134.06
nz	ie	18603.26
nz	nl	18536.34
nz	sk	17886.34
nz	co	12081.76
nz	sg	8530.29
nz	id	7552.45
nz	do	13433.34
nz	lu	18692.53
nz	gb	18399.69
nz	al	17900.71
nz	py	10989.89
nz	au	4157.41
nz	lv	17245.54
nz	gr	17719.33
nz	hk	9421.95
ee	ec	10941.66
ee	fr	2050.91
ee	ar	13495.23
ee	fi	372.34
ee	no	953.05
ee	it	2051.72
ee	lt	387.06
ee	ph	9173.6
ee	tw	8108.65
ee	nz	17133.23
ee	ee	0.0
ee	tr	2301.84
ee	us	8050.26
ee	sv	10017.24
ee	cr	10138.92
ee	de	1240.31
ee	cl	13687.34
ee	jp	7808.88
ee	br	10617.89
ee	hn	9742.71
ee	gt	9890.44
ee	ch	1720.47
ee	hu	1322.79
ee	ca	6547.23
ee	pe	11458.66
ee	be	1591.24
ee	my	8854.7
ee	dk	961.54
ee	bo	11467.3
ee	pl	829.49
ee	at	1412.8
ee	pt	3172.76
ee	se	398.96
ee	mx	9681.2
ee	pa	10093.42
ee	uy	12548.81
ee	is	2365.61
ee	es	2852.38
ee	cz	1154.05
ee	ie	2121.9
ee	nl	1430.89
ee	sk	1157.09
ee	co	10109.13
ee	sg	9232.6
ee	id	10018.69
ee	do	8531.0
ee	lu	1559.58
ee	gb	1746.16
ee	al	1968.94
ee	py	11848.75
ee	au	13460.79
ee	lv	192.31
ee	gr	2182.45
ee	hk	7845.67
tr	ec	12143.27
tr	fr	2798.73
tr	ar	13229.79
tr	fi	2633.63
tr	no	3026.26
tr	it	1940.74
tr	lt	1990.95
tr	ph	8814.93
tr	tw	8026.49
tr	nz	16597.05
tr	ee	2301.84
tr	tr	0.0
tr	us	10181.16
tr	sv	11774.25
tr	cr	11715.7
tr	de	2354.6
tr	cl	13710.58
tr	jp	8527.3
tr	br	10756.71
tr	hn	11466.03
tr	gt	11703.68
tr	ch	2353.09
tr	hu	1565.59
tr	ca	8837.4
tr	pe	12395.59
tr	be	2721.2
tr	my	7712.15
tr	dk	2694.1
tr	bo	11887.99
tr	pl	1902.51
tr	at	1918.43
tr	pt	3709.67
tr	se	2623.35
tr	mx	11785.6
tr	pa	11577.52
tr	uy	12282.5
tr	is	4488.24
tr	es	3312.08
tr	cz	1970.61
tr	ie	3639.97
tr	nl	2724.19
tr	sk	1643.54
tr	co	11349.27
tr	sg	8074.22
tr	id	9086.66
tr	do	9966.5
tr	lu	2586.15
tr	gb	3382.3
tr	al	1304.07
tr	py	11921.75
tr	au	12440.78
tr	lv	2138.17
tr	gr	1158.24
tr	hk	7534.73
us	ec	4690.5
us	fr	7665.22
us	ar	9017.25
us	fi	7822.92
us	no	7186.46
us	it	8618.64
us	lt	8265.17
us	ph	13215.51
us	tw	12240.59
us	nz	12549.39
us	ee	8050.26
us	tr	10181.16
us	us	0.0
us	sv	2677.11
us	cr	3268.87
us	de	7861.09
us	cl	8466.44
us	jp	10149.95
us	br	7316.57
us	hn	2607.41
us	gt	2429.9
us	ch	8010.82
us	hu	8651.64
us	ca	2261.43
us	pe	5580.07
us	be	7553.53
us	my	15069.77
us	dk	7487.55
us	bo	6822.81
us	pl	8279.33
us	at	8343.54
us	pt	7317.14
us	se	7667.09
us	mx	1632.45
us	pa	3513.33
us	uy	8780.13
us	is	5713.26
us	es	7588.55
us	cz	8233.99
us	ie	6632.8
us	nl	7505.72
us	sk	8549.57
us	co	4222.11
us	sg	15289.17
us	id	14961.09
us	do	3216.18
us	lu	7694.38
us	gb	6830.07
us	al	9146.36
us	py	7780.13
us	au	15183.75
us	lv	8165.35
us	gr	9408.42
us	hk	12698.88
sv	ec	2100.71
sv	fr	8988.81
sv	ar	6373.78
sv	fi	9881.01
sv	no	9072.92
sv	it	9908.83
sv	lt	10128.31
sv	ph	15518.18
sv	tw	14731.03
sv	nz	11522.34
sv	ee	10017.24
sv	tr	11774.25
sv	us	2677.11
sv	sv	0.0
sv	cr	718.03
sv	de	9453.3
sv	cl	5795.72
sv	jp	12573.94
sv	br	5125.5
sv	hn	325.72
sv	gt	263.62
sv	ch	9423.69
sv	hu	10221.06
sv	ca	4938.41
sv	pe	2979.49
sv	be	9062.52
sv	my	17680.31
sv	dk	9243.88
sv	bo	4349.78
sv	pl	9993.22
sv	at	9858.51
sv	pt	8245.65
sv	se	9618.31
sv	mx	1804.87
sv	pa	1060.38
sv	uy	6239.29
sv	is	7678.43
sv	es	8611.97
sv	cz	9837.24
sv	ie	8162.77
sv	nl	9082.0
sv	sk	10169.39
sv	co	1900.87
sv	sg	17823.26
sv	id	17116.86
sv	do	2072.32
sv	lu	9194.15
sv	gb	8463.79
sv	al	10529.67
sv	py	5301.89
sv	au	15385.7
sv	lv	10082.84
sv	gr	10750.7
sv	hk	15273.16
cr	ec	1427.7
cr	fr	8917.32
cr	ar	5748.45
cr	fi	10041.73
cr	no	9186.15
cr	it	9801.73
cr	lt	10208.0
cr	ph	16235.84
cr	tw	15426.59
cr	nz	11666.92
cr	ee	10138.92
cr	tr	11715.7
cr	us	3268.87
cr	sv	718.03
cr	cr	0.0
cr	de	9454.75
cr	cl	5210.7
cr	jp	13276.11
cr	br	4408.09
cr	hn	663.54
cr	gt	971.1
cr	ch	9367.9
cr	hu	10195.0
cr	ca	5518.51
cr	pe	2317.28
cr	be	9047.19
cr	my	18337.23
cr	dk	9306.56
cr	bo	3647.68
cr	pl	10022.37
cr	at	9823.89
cr	pt	8080.71
cr	se	9742.9
cr	mx	2522.81
cr	pa	352.87
cr	uy	5559.57
cr	is	7854.77
cr	es	8462.74
cr	cz	9832.43
cr	ie	8179.5
cr	nl	9088.01
cr	sk	10161.67
cr	co	1191.21
cr	sg	18521.96
cr	id	17820.09
cr	do	1771.43
cr	lu	9172.27
cr	gb	8505.49
cr	al	10434.91
cr	py	4603.82
cr	au	15697.29
cr	lv	10184.03
cr	gr	10637.1
cr	hk	15944.12
de	ec	10070.52
de	fr	815.79
de	ar	12279.31
de	fi	1512.0
de	no	1042.03
de	it	1045.85
de	lt	997.54
de	ph	10317.07
de	tw	9292.66
de	nz	18363.21
de	ee	1240.31
de	tr	2354.6
de	us	7861.09
de	sv	9453.3
de	cr	9454.75
de	de	0.0
de	cl	12513.36
de	jp	9047.98
de	br	9431.19
de	hn	9152.72
de	gt	9368.75
de	ch	509.84
de	hu	793.63
de	ca	6750.39
de	pe	10488.38
de	be	426.31
de	my	9748.61
de	dk	570.29
de	bo	10344.87
de	pl	606.62
de	at	502.64
de	pt	1950.95
de	se	1119.36
de	mx	9447.11
de	pa	9354.21
de	uy	11326.13
de	is	2277.0
de	es	1615.3
de	cz	385.44
de	ie	1291.87
de	nl	371.79
de	sk	717.27
de	co	9245.32
de	sg	10124.62
de	id	11010.01
de	do	7749.14
de	lu	340.54
de	gb	1032.94
de	al	1338.89
de	py	10662.74
de	au	14465.53
de	lv	1118.28
de	gr	1609.5
de	hk	8984.02
cl	ec	3824.95
cl	fr	11708.6
cl	ar	766.26
cl	fi	13817.44
cl	no	12895.37
cl	it	12130.59
cl	lt	13510.04
cl	ph	17149.56
cl	tw	18219.59
cl	nz	9135.96
cl	ee	13687.34
cl	tr	13710.58
cl	us	8466.44
cl	sv	5795.72
cl	cr	5210.7
cl	de	12513.36
cl	cl	0.0
cl	jp	17341.78
cl	br	3084.04
cl	hn	5864.75
cl	gt	6050.72
cl	ch	12126.15
cl	hu	12893.44
cl	ca	10725.24
cl	pe	2965.84
cl	be	12116.83
cl	my	16452.89
cl	dk	12731.64
cl	bo	2295.06
cl	pl	13088.66
cl	at	12578.06
cl	pt	10570.33
cl	se	13394.54
cl	mx	7357.33
cl	pa	5010.53
cl	uy	1492.5
cl	is	12076.89
cl	es	10933.35
cl	cz	12756.25
cl	ie	11621.49
cl	nl	12263.38
cl	sk	12977.46
cl	co	4484.15
cl	sg	16167.82
cl	id	15920.26
cl	do	6051.67
cl	lu	12174.06
cl	gb	12000.47
cl	al	12642.96
cl	py	1855.09
cl	au	12733.51
cl	lv	13610.59
cl	gr	12661.0
cl	hk	18439.57
jp	ec	14664.92
jp	fr	9849.63
jp	ar	18069.14
jp	fi	7552.64
jp	no	8334.87
jp	it	9728.23
jp	lt	8101.51
jp	ph	3072.15
jp	tw	2163.78
jp	nz	9351.72
jp	ee	7808.88
jp	tr	8527.3
jp	us	10149.95
jp	sv	12573.94
jp	cr	13276.11
jp	de	9047.98
jp	cl	17341.78
jp	jp	0.0
jp	br	17369.59
jp	hn	12632.72
jp	gt	12312.38
jp	ch	9525.06
jp	hu	8923.62
jp	ca	8082.32
jp	pe	15510.34
jp	be	9364.48
jp	my	5137.21
jp	dk	8654.6
jp	bo	16923.36
jp	pl	8575.34
jp	at	9155.92
jp	pt	10933.42
jp	se	7974.73
jp	mx	10797.61
jp	pa	13581.79
jp	uy	18665.35
jp	is	8592.66
jp	es	10648.12
jp	cz	8922.71
jp	ie	9540.08
jp	nl	9184.62
jp	sk	8796.83
jp	co	14356.63
jp	sg	5249.53
jp	id	4821.39
jp	do	13213.74
jp	lu	9355.91
jp	gb	9199.98
jp	al	9351.75
jp	py	17873.6
jp	au	6851.99
jp	lv	7946.45
jp	gr	9410.5
jp	hk	2786.8
br	ec	3197.22
br	fr	8624.88
br	ar	2924.11
br	fi	10770.66
br	no	9866.61
br	it	9069.19
br	lt	10428.48
br	ph	19316.64
br	tw	18723.82
br	nz	12220.0
br	ee	10617.89
br	tr	10756.71
br	us	7316.57
br	sv	5125.5
br	cr	4408.09
br	de	9431.19
br	cl	3084.04
br	jp	17369.59
br	br	0.0
br	hn	4994.62
br	gt	5371.92
br	ch	9042.6
br	hu	9818.57
br	ca	9304.08
br	pe	2574.13
br	be	9038.47
br	my	16944.78
br	dk	9669.43
br	bo	1271.57
br	pl	10004.63
br	at	9497.16
br	pt	7486.4
br	se	10342.47
br	mx	6927.95
br	pa	4067.37
br	uy	2070.35
br	is	9230.41
br	es	7849.8
br	cz	9672.48
br	ie	8591.51
br	nl	9189.09
br	sk	9897.79
br	co	3234.06
br	sg	16987.99
br	id	17729.71
br	do	4174.98
br	lu	9092.49
br	gb	8966.34
br	al	9608.15
br	py	1231.77
br	au	15577.86
br	lv	10533.66
br	gr	9652.81
br	hk	18284.8
hn	ec	2090.92
hn	fr	8676.66
hn	ar	6410.73
hn	fi	9616.47
hn	no	8795.23
hn	it	9592.97
hn	lt	9844.0
hn	ph	15626.45
hn	tw	14775.47
hn	nz	11842.68
hn	ee	9742.71
hn	tr	11466.03
hn	us	2607.41
hn	sv	325.72
hn	cr	663.54
hn	de	9152.72
hn	cl	5864.75
hn	jp	12632.72
hn	br	4994.62
hn	hn	0.0
hn	gt	432.29
hn	ch	9114.0
hn	hu	9916.53
hn	ca	4861.12
hn	pe	2980.71
hn	be	8758.73
hn	my	17673.81
hn	dk	8954.93
hn	bo	4294.47
hn	pl	9698.26
hn	at	9552.32
hn	pt	7923.62
hn	se	9344.04
hn	mx	1948.25
hn	pa	949.31
hn	uy	6218.1
hn	is	7415.45
hn	es	8291.3
hn	cz	9535.92
hn	ie	7863.67
hn	nl	8781.88
hn	sk	9867.87
hn	co	1761.56
hn	sg	17866.67
hn	id	17281.38
hn	do	1753.82
hn	lu	8889.41
hn	gb	8169.73
hn	al	10215.65
hn	py	5252.99
hn	au	15709.31
hn	lv	9803.42
hn	gr	10434.64
hn	hk	15282.49
gt	ec	2364.15
gt	fr	8931.57
gt	ar	6633.97
gt	fi	9741.91
gt	no	8951.47
gt	it	9861.66
gt	lt	10015.08
gt	ph	15265.9
gt	tw	14468.53
gt	nz	11551.16
gt	ee	9890.44
gt	tr	11703.68
gt	us	2429.9
gt	sv	263.62
gt	cr	971.1
gt	de	9368.75
gt	cl	6050.72
gt	jp	12312.38
gt	br	5371.92
gt	hn	432.29
gt	gt	0.0
gt	ch	9359.45
gt	hu	10143.83
gt	ca	4689.75
gt	pe	3243.06
gt	be	8985.04
gt	my	17416.74
gt	dk	9138.89
gt	bo	4611.09
gt	pl	9897.49
gt	at	9785.41
gt	pt	8225.25
gt	se	9491.62
gt	mx	1556.06
gt	pa	1304.64
gt	uy	6502.87
gt	is	7540.18
gt	es	8584.47
gt	cz	9753.73
gt	ie	8076.9
gt	nl	8996.99
gt	sk	10085.91
gt	co	2140.96
gt	sg	17561.91
gt	id	16884.24
gt	do	2154.76
gt	lu	9118.57
gt	gb	8368.31
gt	al	10476.07
gt	py	5564.04
gt	au	15333.51
gt	lv	9962.6
gt	gr	10703.29
gt	hk	15009.55
ch	ec	9882.73
ch	fr	464.63
ch	ar	11855.01
ch	fi	2012.76
ch	no	1518.25
ch	it	649.03
ch	lt	1430.39
ch	ph	10670.57
ch	tw	9682.51
ch	nz	18760.84
ch	ee	1720.47
ch	tr	2353.09
ch	us	8010.82
ch	sv	9423.69
ch	cr	9367.9
ch	de	509.84
ch	cl	12126.15
ch	jp	9525.06
ch	br	9042.6
ch	hn	9114.0
ch	gt	9359.45
ch	ch	0.0
ch	hu	855.32
ch	ca	7055.92
ch	pe	10242.65
ch	be	493.92
ch	my	9950.22
ch	dk	1053.91
ch	bo	10004.25
ch	pl	971.3
ch	at	484.06
ch	pt	1564.95
ch	se	1628.08
ch	mx	9561.32
ch	pa	9241.02
ch	uy	10895.69
ch	is	2595.73
ch	es	1192.81
ch	cz	630.64
ch	ie	1379.58
ch	nl	627.7
ch	sk	881.13
ch	co	9068.1
ch	sg	10322.3
ch	id	11258.22
ch	do	7629.26
ch	lu	367.54
ch	gb	1249.33
ch	al	1142.33
ch	py	10271.31
ch	au	14693.85
ch	lv	1578.7
ch	gr	1398.81
ch	hk	9338.91
hu	ec	10737.02
hu	fr	1319.93
hu	ar	12571.98
hu	fi	1688.16
hu	no	1642.56
hu	it	804.62
hu	lt	940.7
hu	ph	9863.17
hu	tw	8911.98
hu	nz	17937.14
hu	ee	1322.79
hu	tr	1565.59
hu	us	8651.64
hu	sv	10221.06
hu	cr	10195.0
hu	de	793.63
hu	cl	12893.44
hu	jp	8923.62
hu	br	9818.57
hu	hn	9916.53
hu	gt	10143.83
hu	ch	855.32
hu	hu	0.0
hu	ca	7475.99
hu	pe	11095.29
hu	be	1158.91
hu	my	9095.05
hu	dk	1221.61
hu	bo	10819.57
hu	pl	529.55
hu	at	375.22
hu	pt	2389.08
hu	se	1442.73
hu	mx	10240.44
hu	pa	10078.34
hu	uy	11606.7
hu	is	3023.22
hu	es	1999.38
hu	cz	418.64
hu	ie	2074.39
hu	nl	1160.08
hu	sk	168.14
hu	co	9920.98
hu	sg	9467.34
hu	id	10405.31
hu	do	8467.7
hu	lu	1027.13
hu	gb	1826.35
hu	al	670.25
hu	py	11040.22
hu	au	13838.55
hu	lv	1134.61
hu	gr	918.73
hu	hk	8535.72
ca	ec	6929.29
ca	fr	6840.47
ca	ar	11258.5
ca	fi	6245.2
ca	no	5850.1
ca	it	7704.88
ca	lt	6846.69
ca	ph	11144.5
ca	tw	10085.51
ca	nz	13063.62
ca	ee	6547.23
ca	tr	8837.4
ca	us	2261.43
ca	sv	4938.41
ca	cr	5518.51
ca	de	6750.39
ca	cl	10725.24
ca	jp	8082.32
ca	br	9304.08
ca	hn	4861.12
ca	gt	4689.75
ca	ch	7055.92
ca	hu	7475.99
ca	ca	0.0
ca	pe	7815.13
ca	be	6562.3
ca	my	12826.83
ca	dk	6254.62
ca	bo	8984.27
ca	pl	7004.82
ca	at	7252.38
ca	pt	6917.51
ca	se	6214.07
ca	mx	3626.45
ca	pa	5743.1
ca	uy	10953.51
ca	is	4474.8
ca	es	7059.35
ca	cz	7070.79
ca	ie	5747.71
ca	nl	6453.43
ca	sk	7337.28
ca	co	6395.41
ca	sg	13067.31
ca	id	12885.7
ca	do	5132.25
ca	lu	6694.51
ca	gb	5807.15
ca	al	8087.88
ca	py	9927.73
ca	au	14150.94
ca	lv	6702.03
ca	gr	8357.93
ca	hk	10489.85
pe	ec	890.09
pe	fr	9779.97
pe	ar	3443.45
pe	fi	11470.37
pe	no	10541.26
pe	it	10489.11
pe	lt	11409.01
pe	ph	18137.07
pe	tw	17672.44
pe	nz	10978.13
pe	ee	11458.66
pe	tr	12395.59
pe	us	5580.07
pe	sv	2979.49
pe	cr	2317.28
pe	de	10488.38
pe	cl	2965.84
pe	jp	15510.34
pe	br	2574.13
pe	hn	2980.71
pe	gt	3243.06
pe	ch	10242.65
pe	hu	11095.29
pe	ca	7815.13
pe	pe	0.0
pe	be	10062.25
pe	my	19368.45
pe	dk	10520.0
pe	bo	1468.48
pe	pl	11094.61
pe	at	10726.7
pe	pt	8729.16
pe	se	11094.49
pe	mx	4719.89
pe	pa	2072.04
pe	uy	3262.85
pe	is	9439.66
pe	es	9127.83
pe	cz	10821.17
pe	ie	9344.42
pe	nl	10160.28
pe	sk	11118.03
pe	co	1532.13
pe	sg	19133.15
pe	id	18527.29
pe	do	3150.32
pe	lu	10159.7
pe	gb	9715.16
pe	al	11109.93
pe	py	2369.89
pe	au	15074.23
pe	lv	11445.54
pe	gr	11237.44
pe	hk	18252.32
be	ec	9646.1
be	fr	503.78
be	ar	11904.85
be	fi	1812.62
be	no	1136.1
be	it	1142.9
be	lt	1397.47
be	ph	10724.67
be	tw	9686.06
be	nz	18714.89
be	ee	1591.24
be	tr	2721.2
be	us	7553.53
be	sv	9062.52
be	cr	9047.19
be	de	426.31
be	cl	12116.83
be	jp	9364.48
be	br	9038.47
be	hn	8758.73
be	gt	8985.04
be	ch	493.92
be	hu	1158.91
be	ca	6562.3
be	pe	10062.25
be	be	0.0
be	my	10174.0
be	dk	721.73
be	bo	9932.77
be	pl	1032.41
be	at	805.87
be	pt	1583.56
be	se	1390.28
be	mx	9120.06
be	pa	8940.55
be	uy	10957.57
be	is	2102.8
be	es	1285.36
be	cz	786.74
be	ie	927.69
be	nl	189.88
be	sk	1114.49
be	co	8821.68
be	sg	10549.82
be	id	11435.92
be	do	7333.31
be	lu	140.85
be	gb	756.97
be	al	1594.29
be	py	10270.2
be	au	14891.72
be	lv	1495.33
be	gr	1859.77
be	hk	9392.16
my	ec	19748.99
my	fr	10414.84
my	ar	15940.67
my	fi	8876.57
my	no	9791.57
my	it	9645.82
my	lt	8868.45
my	ph	2378.53
my	tw	2973.43
my	nz	8896.45
my	ee	8854.7
my	tr	7712.15
my	us	15069.77
my	sv	17680.31
my	cr	18337.23
my	de	9748.61
my	cl	16452.89
my	jp	5137.21
my	br	16944.78
my	hn	17673.81
my	gt	17416.74
my	ch	9950.22
my	hu	9095.05
my	ca	12826.83
my	pe	19368.45
my	be	10174.0
my	my	0.0
my	dk	9770.34
my	bo	17943.34
my	pl	9147.22
my	at	9468.75
my	pt	11416.94
my	se	9232.13
my	mx	15933.32
my	pa	18564.02
my	uy	16106.56
my	is	10971.66
my	es	11017.82
my	cz	9398.72
my	ie	10943.71
my	nl	10091.78
my	sk	9088.78
my	co	18953.59
my	sg	378.08
my	id	1438.93
my	do	17321.39
my	lu	10067.3
my	gb	10582.25
my	al	9013.53
my	py	17015.86
my	au	4745.87
my	lv	8850.05
my	gr	8862.42
my	hk	2407.35
dk	ec	10033.53
dk	fr	1224.21
dk	ar	12561.92
dk	fi	1116.32
dk	no	471.74
dk	it	1615.34
dk	lt	907.09
dk	ph	10133.36
dk	tw	9059.48
dk	nz	18004.98
dk	ee	961.54
dk	tr	2694.1
dk	us	7487.55
dk	sv	9243.88
dk	cr	9306.56
dk	de	570.29
dk	cl	12731.64
dk	jp	8654.6
dk	br	9669.43
dk	hn	8954.93
dk	gt	9138.89
dk	ch	1053.91
dk	hu	1221.61
dk	ca	6254.62
dk	pe	10520.0
dk	be	721.73
dk	my	9770.34
dk	dk	0.0
dk	bo	10505.86
dk	pl	791.79
dk	at	1031.82
dk	pt	2280.33
dk	se	685.7
dk	mx	9097.12
dk	pa	9235.97
dk	uy	11624.59
dk	is	1808.65
dk	es	2003.26
dk	cz	819.74
dk	ie	1175.96
dk	nl	534.57
dk	sk	1088.68
dk	co	9201.77
dk	sg	10148.38
dk	id	10964.61
dk	do	7650.87
dk	lu	751.4
dk	gb	812.9
dk	al	1848.5
dk	py	10898.78
dk	au	14413.85
dk	lv	925.65
dk	gr	2114.95
dk	hk	8806.4
bo	ec	2266.65
bo	fr	9563.15
bo	ar	2460.18
bo	fi	11565.97
bo	no	10634.55
bo	it	10110.29
bo	lt	11329.2
bo	ph	19323.72
bo	tw	19063.39
bo	nz	11261.84
bo	ee	11467.3
bo	tr	11887.99
bo	us	6822.81
bo	sv	4349.78
bo	cr	3647.68
bo	de	10344.87
bo	cl	2295.06
bo	jp	16923.36
bo	br	1271.57
bo	hn	4294.47
bo	gt	4611.09
bo	ch	10004.25
bo	hu	10819.57
bo	ca	8984.27
bo	pe	1468.48
bo	be	9932.77
bo	my	17943.34
bo	dk	10505.86
bo	bo	0.0
bo	pl	10939.99
bo	at	10476.46
bo	pt	8439.94
bo	se	11151.13
bo	mx	6133.34
bo	pa	3346.79
bo	uy	1969.28
bo	is	9782.45
bo	es	8822.49
bo	cz	10624.6
bo	ie	9368.31
bo	nl	10065.28
bo	sk	10879.63
bo	co	2601.37
bo	sg	17855.19
bo	id	18095.51
bo	do	3960.37
bo	lu	10004.54
bo	gb	9748.44
bo	al	10683.62
bo	py	959.87
bo	au	15024.55
bo	lv	11409.59
bo	gr	10755.52
bo	hk	19293.55
pl	ec	10669.46
pl	fr	1381.63
pl	ar	12826.23
pl	fi	1180.94
pl	no	1154.73
pl	it	1222.65
pl	lt	477.8
pl	ph	9726.64
pl	tw	8719.57
pl	nz	17803.52
pl	ee	829.49
pl	tr	1902.51
pl	us	8279.33
pl	sv	9993.22
pl	cr	10022.37
pl	de	606.62
pl	cl	13088.66
pl	jp	8575.34
pl	br	10004.63
pl	hn	9698.26
pl	gt	9897.49
pl	ch	971.3
pl	hu	529.55
pl	ca	7004.82
pl	pe	11094.61
pl	be	1032.41
pl	my	9147.22
pl	dk	791.79
pl	bo	10939.99
pl	pl	0.0
pl	at	590.35
pl	pt	2518.5
pl	se	913.25
pl	mx	9888.09
pl	pa	9932.45
pl	uy	11866.97
pl	is	2591.48
pl	es	2159.19
pl	cz	347.81
pl	ie	1842.88
pl	nl	946.67
pl	sk	363.54
pl	co	9842.6
pl	sg	9523.7
pl	id	10403.53
pl	do	8332.16
pl	lu	941.42
pl	gb	1529.61
pl	al	1199.6
pl	py	11234.84
pl	au	13859.39
pl	lv	654.51
pl	gr	1443.18
pl	hk	8393.59
at	ec	10362.47
at	fr	947.56
at	ar	12283.17
at	fi	1750.25
at	no	1492.84
at	it	646.8
at	lt	1067.73
at	ph	10201.83
at	tw	9229.94
at	nz	18289.26
at	ee	1412.8
at	tr	1918.43
at	us	8343.54
at	sv	9858.51
at	cr	9823.89
at	de	502.64
at	cl	12578.06
at	jp	9155.92
at	br	9497.16
at	hn	9552.32
at	gt	9785.41
at	ch	484.06
at	hu	375.22
at	ca	7252.38
at	pe	10726.7
at	be	805.87
at	my	9468.75
at	dk	1031.82
at	bo	10476.46
at	pl	590.35
at	at	0.0
at	pt	2037.43
at	se	1427.14
at	mx	9919.37
at	pa	9704.85
at	uy	11320.25
at	is	2779.54
at	es	1654.93
at	cz	264.69
at	ie	1731.99
at	nl	838.31
at	sk	403.21
at	co	9545.98
at	sg	9841.36
at	id	10774.17
at	do	8093.89
at	lu	668.64
at	gb	1515.21
at	al	836.25
at	py	10723.1
at	au	14211.17
at	lv	1243.51
at	gr	1106.85
at	hk	8871.64
pt	ec	8434.18
pt	fr	1138.96
pt	ar	10329.11
pt	fi	3391.16
pt	no	2612.67
pt	it	1771.28
pt	lt	2947.49
pt	ph	12235.52
pt	tw	11237.62
pt	nz	19701.55
pt	ee	3172.76
pt	tr	3709.67
pt	us	7317.14
pt	sv	8245.65
pt	cr	8080.71
pt	de	1950.95
pt	cl	10570.33
pt	jp	10933.42
pt	br	7486.4
pt	hn	7923.62
pt	gt	8225.25
pt	ch	1564.95
pt	hu	2389.08
pt	ca	6917.51
pt	pe	8729.16
pt	be	1583.56
pt	my	11416.94
pt	dk	2280.33
pt	bo	8439.94
pt	pl	2518.5
pt	at	2037.43
pt	pt	0.0
pt	se	2963.77
pt	mx	8717.54
pt	pa	7909.79
pt	uy	9378.0
pt	is	2926.66
pt	es	399.42
pt	cz	2190.34
pt	ie	1558.1
pt	nl	1755.52
pt	sk	2440.31
pt	co	7640.53
pt	sg	11781.66
pt	id	12767.41
pt	do	6311.27
pt	lu	1617.08
pt	gb	1811.73
pt	al	2405.74
pt	py	8717.05
pt	au	16150.1
pt	lv	3066.18
pt	gr	2576.01
pt	hk	10903.73
se	ec	10561.28
se	fr	1882.79
se	ar	13242.12
se	fi	431.32
se	no	561.25
se	it	2071.85
se	lt	632.89
se	ph	9477.73
se	tw	8389.24
se	nz	17326.38
se	ee	398.96
se	tr	2623.35
se	us	7667.09
se	sv	9618.31
se	cr	9742.9
se	de	1119.36
se	cl	13394.54
se	jp	7974.73
se	br	10342.47
se	hn	9344.04
se	gt	9491.62
se	ch	1628.08
se	hu	1442.73
se	ca	6214.07
se	pe	11094.49
se	be	1390.28
se	my	9232.13
se	dk	685.7
se	bo	11151.13
se	pl	913.25
se	at	1427.14
se	pt	2963.77
se	se	0.0
se	mx	9296.56
se	pa	9700.65
se	uy	12307.75
se	is	1971.11
se	es	2675.43
se	cz	1163.82
se	ie	1783.98
se	nl	1210.08
se	sk	1275.92
se	co	9729.0
se	sg	9609.71
se	id	10375.21
se	do	8143.58
se	lu	1392.4
se	gb	1404.03
se	al	2112.4
se	py	11569.88
se	au	13805.31
se	lv	499.95
se	gr	2351.52
se	hk	8155.73
mx	ec	3868.14
mx	fr	9189.67
mx	ar	8004.22
mx	fi	9455.35
mx	no	8809.57
mx	it	10147.29
mx	lt	9890.32
mx	ph	13713.39
mx	tw	12960.97
mx	nz	11113.73
mx	ee	9681.2
mx	tr	11785.6
mx	us	1632.45
mx	sv	1804.87
mx	cr	2522.81
mx	de	9447.11
mx	cl	7357.33
mx	jp	10797.61
mx	br	6927.95
mx	hn	1948.25
mx	gt	1556.06
mx	ch	9561.32
mx	hu	10240.44
mx	ca	3626.45
mx	pe	4719.89
mx	be	9120.06
mx	my	15933.32
mx	dk	9097.12
mx	bo	6133.34
mx	pl	9888.09
mx	at	9919.37
mx	pt	8717.54
mx	se	9296.56
mx	mx	0.0
mx	pa	2860.6
mx	uy	7976.46
mx	is	7337.34
mx	es	9025.3
mx	cz	9825.19
mx	ie	8193.27
mx	nl	9085.41
mx	sk	10146.09
mx	co	3696.38
mx	sg	16033.79
mx	id	15334.5
mx	do	3394.54
mx	lu	9260.47
mx	gb	8414.18
mx	al	10703.14
mx	py	7076.12
mx	au	14352.94
mx	lv	9794.07
mx	gr	10959.06
mx	hk	13541.0
pa	ec	1188.39
pa	fr	8785.15
pa	ar	5515.42
pa	fi	10016.17
pa	no	9140.83
pa	it	9649.66
pa	lt	10141.57
pa	ph	16567.63
pa	tw	15721.37
pa	nz	11829.86
pa	ee	10093.42
pa	tr	11577.52
pa	us	3513.33
pa	sv	1060.38
pa	cr	352.87
pa	de	9354.21
pa	cl	5010.53
pa	jp	13581.79
pa	br	4067.37
pa	hn	949.31
pa	gt	1304.64
pa	ch	9241.02
pa	hu	10078.34
pa	ca	5743.1
pa	pe	2072.04
pa	be	8940.55
pa	my	18564.02
pa	dk	9235.97
pa	bo	3346.79
pa	pl	9932.45
pa	at	9704.85
pa	pt	7909.79
pa	se	9700.65
pa	mx	2860.6
pa	pa	0.0
pa	uy	5279.78
pa	is	7847.48
pa	es	8297.24
pa	cz	9727.27
pa	ie	8092.1
pa	nl	8991.28
pa	sk	10053.7
pa	co	841.12
pa	sg	18801.93
pa	id	18172.06
pa	do	1611.86
pa	lu	9062.01
pa	gb	8428.5
pa	al	10285.83
pa	py	4305.98
pa	au	15913.06
pa	lv	10128.21
pa	gr	10478.78
pa	hk	16211.07
uy	ec	4139.3
uy	fr	10510.5
uy	ar	966.14
uy	fi	12739.02
uy	no	11862.64
uy	it	10818.6
uy	lt	12317.5
uy	ph	17815.71
uy	tw	18981.88
uy	nz	10338.88
uy	ee	12548.81
uy	tr	12282.5
uy	us	8780.13
uy	sv	6239.29
uy	cr	5559.57
uy	de	11326.13
uy	cl	1492.5
uy	jp	18665.35
uy	br	2070.35
uy	hn	6218.1
uy	gt	6502.87
uy	ch	10895.69
uy	hu	11606.7
uy	ca	10953.51
uy	pe	3262.85
uy	be	10957.57
uy	my	16106.56
uy	dk	11624.59
uy	bo	1969.28
uy	pl	11866.97
uy	at	11320.25
uy	pt	9378.0
uy	se	12307.75
uy	mx	7976.46
uy	pa	5279.78
uy	uy	0.0
uy	is	11297.54
uy	es	9714.57
uy	cz	11523.38
uy	ie	10595.95
uy	nl	11120.94
uy	sk	11708.85
uy	co	4564.98
uy	sg	15943.2
uy	id	16155.03
uy	do	5901.68
uy	lu	10994.89
uy	gb	10964.16
uy	al	11286.65
uy	py	1043.18
uy	au	13508.58
uy	lv	12443.6
uy	gr	11278.24
uy	hk	18510.68
is	ec	8803.04
is	fr	2447.01
is	ar	12128.41
is	fi	2202.64
is	no	1473.24
is	it	3243.23
is	lt	2552.98
is	ph	10758.79
is	tw	9577.53
is	nz	17195.7
is	ee	2365.61
is	tr	4488.24
is	us	5713.26
is	sv	7678.43
is	cr	7854.77
is	de	2277.0
is	cl	12076.89
is	jp	8592.66
is	br	9230.41
is	hn	7415.45
is	gt	7540.18
is	ch	2595.73
is	hu	3023.22
is	ca	4474.8
is	pe	9439.66
is	be	2102.8
is	my	10971.66
is	dk	1808.65
is	bo	9782.45
is	pl	2591.48
is	at	2779.54
is	pt	2926.66
is	se	1971.11
is	mx	7337.34
is	pa	7847.48
is	uy	11297.54
is	is	0.0
is	es	2893.81
is	cz	2609.8
is	ie	1418.86
is	nl	1982.0
is	sk	2896.54
is	co	7982.3
is	sg	11342.32
is	id	11953.27
is	do	6354.29
is	lu	2229.86
is	gb	1363.03
is	al	3615.75
is	py	10392.82
is	au	15194.25
is	lv	2462.58
is	gr	3886.26
is	hk	9511.51
es	ec	8832.55
es	fr	801.5
es	ar	10670.79
es	fi	3095.5
es	no	2377.82
es	it	1372.57
es	lt	2602.94
es	ph	11856.74
es	tw	10875.31
es	nz	19889.21
es	ee	2852.38
es	tr	3312.08
es	us	7588.55
es	sv	8611.97
es	cr	8462.74
es	de	1615.3
es	cl	10933.35
es	jp	10648.12
es	br	7849.8
es	hn	8291.3
es	gt	8584.47
es	ch	1192.81
es	hu	1999.38
es	ca	7059.35
es	pe	9127.83
es	be	1285.36
es	my	11017.82
es	dk	2003.26
es	bo	8822.49
es	pl	2159.19
es	at	1654.93
es	pt	399.42
es	se	2675.43
es	mx	9025.3
es	pa	8297.24
es	uy	9714.57
es	is	2893.81
es	es	0.0
es	cz	1823.03
es	ie	1478.95
es	nl	1469.04
es	sk	2058.07
es	co	8037.39
es	sg	11382.84
es	id	12368.35
es	do	6695.28
es	lu	1294.37
es	gb	1658.48
es	al	2008.01
es	py	9078.55
es	au	15752.86
es	lv	2733.24
es	gr	2183.41
es	hk	10526.49
cz	ec	10424.9
cz	fr	1061.95
cz	ar	12483.69
cz	fi	1486.83
cz	no	1263.83
cz	it	911.49
cz	lt	822.4
cz	ph	10046.88
cz	tw	9052.39
cz	nz	18134.06
cz	ee	1154.05
cz	tr	1970.61
cz	us	8233.99
cz	sv	9837.24
cz	cr	9832.43
cz	de	385.44
cz	cl	12756.25
cz	jp	8922.71
cz	br	9672.48
cz	hn	9535.92
cz	gt	9753.73
cz	ch	630.64
cz	hu	418.64
cz	ca	7070.79
cz	pe	10821.17
cz	be	786.74
cz	my	9398.72
cz	dk	819.74
cz	bo	10624.6
cz	pl	347.81
cz	at	264.69
cz	pt	2190.34
cz	se	1163.82
cz	mx	9825.19
cz	pa	9727.27
cz	uy	11523.38
cz	is	2609.8
cz	es	1823.03
cz	cz	0.0
cz	ie	1677.03
cz	nl	757.1
cz	sk	332.23
cz	co	9602.49
cz	sg	9773.61
cz	id	10679.21
cz	do	8120.01
cz	lu	669.9
cz	gb	1412.78
cz	al	1030.03
cz	py	10901.54
cz	au	14129.1
cz	lv	990.13
cz	gr	1295.41
cz	hk	8714.46
ie	ec	8862.56
ie	fr	1093.78
ie	ar	11508.85
ie	fi	2198.37
ie	no	1275.92
ie	it	2006.2
ie	lt	2075.35
ie	ph	11255.07
ie	tw	10148.93
ie	nz	18603.26
ie	ee	2121.9
ie	tr	3639.97
ie	us	6632.8
ie	sv	8162.77
ie	cr	8179.5
ie	de	1291.87
ie	cl	11621.49
ie	jp	9540.08
ie	br	8591.51
ie	hn	7863.67
ie	gt	8076.9
ie	ch	1379.58
ie	hu	2074.39
ie	ca	5747.71
ie	pe	9344.42
ie	be	927.69
ie	my	10943.71
ie	dk	1175.96
ie	bo	9368.31
ie	pl	1842.88
ie	at	1731.99
ie	pt	1558.1
ie	se	1783.98
ie	mx	8193.27
ie	pa	8092.1
ie	uy	10595.95
ie	is	1418.86
ie	es	1478.95
ie	cz	1677.03
ie	ie	0.0
ie	nl	920.09
ie	sk	2009.1
ie	co	8031.57
ie	sg	11321.65
ie	id	12138.36
ie	do	6496.25
ie	lu	1067.63
ie	gb	380.14
ie	al	2514.09
ie	py	9812.06
ie	au	15582.59
ie	lv	2101.17
ie	gr	2775.64
ie	hk	9936.81
nl	ec	9723.5
nl	fr	693.46
nl	ar	12065.04
nl	fi	1635.83
nl	no	947.47
nl	it	1265.77
nl	lt	1266.53
nl	ph	10586.77
nl	tw	9536.44
nl	nz	18536.34
nl	ee	1430.89
nl	tr	2724.19
nl	us	7505.72
nl	sv	9082.0
nl	cr	9088.01
nl	de	371.79
nl	cl	12263.38
nl	jp	9184.62
nl	br	9189.09
nl	hn	8781.88
nl	gt	8996.99
nl	ch	627.7
nl	hu	1160.08
nl	ca	6453.43
nl	pe	10160.28
nl	be	189.88
nl	my	10091.78
nl	dk	534.57
nl	bo	10065.28
nl	pl	946.67
nl	at	838.31
nl	pt	1755.52
nl	se	1210.08
nl	mx	9085.41
nl	pa	8991.28
nl	uy	11120.94
nl	is	1982.0
nl	es	1469.04
nl	cz	757.1
nl	ie	920.09
nl	nl	0.0
nl	sk	1089.06
nl	co	8896.2
nl	sg	10468.58
nl	id	11335.07
nl	do	7388.41
nl	lu	264.26
nl	gb	677.04
nl	al	1661.01
nl	py	10420.46
nl	au	14792.34
nl	lv	1347.99
nl	gr	1930.48
nl	hk	9255.38
sk	ec	10738.23
sk	fr	1339.33
sk	ar	12672.99
sk	fi	1521.17
sk	no	1494.09
sk	it	938.57
sk	lt	777.26
sk	ph	9798.67
sk	tw	8830.05
sk	nz	17886.34
sk	ee	1157.09
sk	tr	1643.54
sk	us	8549.57
sk	sv	10169.39
sk	cr	10161.67
sk	de	717.27
sk	cl	12977.46
sk	jp	8796.83
sk	br	9897.79
sk	hn	9867.87
sk	gt	10085.91
sk	ch	881.13
sk	hu	168.14
sk	ca	7337.28
sk	pe	11118.03
sk	be	1114.49
sk	my	9088.78
sk	dk	1088.68
sk	bo	10879.63
sk	pl	363.54
sk	at	403.21
sk	pt	2440.31
sk	se	1275.92
sk	mx	10146.09
sk	pa	10053.7
sk	uy	11708.85
sk	is	2896.54
sk	es	2058.07
sk	cz	332.23
sk	ie	2009.1
sk	nl	1089.06
sk	sk	0.0
sk	co	9918.11
sk	sg	9462.69
sk	id	10382.91
sk	do	8445.28
sk	lu	991.84
sk	gb	1738.93
sk	al	836.48
sk	py	11122.77
sk	au	13826.26
sk	lv	970.09
sk	gr	1080.24
sk	hk	8468.6
co	ec	832.54
co	fr	8604.41
co	ar	4904.82
co	fi	10080.44
co	no	9168.8
co	it	9408.68
co	lt	10106.31
co	ph	17384.25
co	tw	16462.25
co	nz	12081.76
co	ee	10109.13
co	tr	11349.27
co	us	4222.11
co	sv	1900.87
co	cr	1191.21
co	de	9245.32
co	cl	4484.15
co	jp	14356.63
co	br	3234.06
co	hn	1761.56
co	gt	2140.96
co	ch	9068.1
co	hu	9920.98
co	ca	6395.41
co	pe	1532.13
co	be	8821.68
co	my	18953.59
co	dk	9201.77
co	bo	2601.37
co	pl	9842.6
co	at	9545.98
co	pt	7640.53
co	se	9729.0
co	mx	3696.38
co	pa	841.12
co	uy	4564.98
co	is	7982.3
co	es	8037.39
co	cz	9602.49
co	ie	8031.57
co	nl	8896.2
co	sk	9918.11
co	co	0.0
co	sg	19323.13
co	id	19009.26
co	do	1637.72
co	lu	8932.65
co	gb	8389.01
co	al	10045.26
co	py	3558.02
co	au	16237.53
co	lv	10118.72
co	gr	10212.82
co	hk	16879.37
sg	ec	19785.19
sg	fr	10786.87
sg	ar	15698.64
sg	fi	9253.13
sg	no	10169.0
sg	it	10010.39
sg	lt	9246.36
sg	ph	2356.4
sg	tw	3095.63
sg	nz	8530.29
sg	ee	9232.6
sg	tr	8074.22
sg	us	15289.17
sg	sv	17823.26
sg	cr	18521.96
sg	de	10124.62
sg	cl	16167.82
sg	jp	5249.53
sg	br	16987.99
sg	hn	17866.67
sg	gt	17561.91
sg	ch	10322.3
sg	hu	9467.34
sg	ca	13067.31
sg	pe	19133.15
sg	be	10549.82
sg	my	378.08
sg	dk	10148.38
sg	bo	17855.19
sg	pl	9523.7
sg	at	9841.36
sg	pt	11781.66
sg	se	9609.71
sg	mx	16033.79
sg	pa	18801.93
sg	uy	15943.2
sg	is	11342.32
sg	es	11382.84
sg	cz	9773.61
sg	ie	11321.65
sg	nl	10468.58
sg	sk	9462.69
sg	co	19323.13
sg	sg	0.0
sg	id	1148.06
sg	do	17685.74
sg	lu	10442.49
sg	gb	10960.31
sg	al	9376.85
sg	py	16901.46
sg	au	4376.35
sg	lv	9228.13
sg	gr	9221.81
sg	hk	2590.86
id	ec	18637.19
id	fr	11720.97
id	ar	15647.61
id	fi	9988.92
id	no	10923.05
id	it	11003.53
id	lt	10081.64
id	ph	1749.33
id	tw	2826.91
id	nz	7552.45
id	ee	10018.69
id	tr	9086.66
id	us	14961.09
id	sv	17116.86
id	cr	17820.09
id	de	11010.01
id	cl	15920.26
id	jp	4821.39
id	br	17729.71
id	hn	17281.38
id	gt	16884.24
id	ch	11258.22
id	hu	10405.31
id	ca	12885.7
id	pe	18527.29
id	be	11435.92
id	my	1438.93
id	dk	10964.61
id	bo	18095.51
id	pl	10403.53
id	at	10774.17
id	pt	12767.41
id	se	10375.21
id	mx	15334.5
id	pa	18172.06
id	uy	16155.03
id	is	11953.27
id	es	12368.35
id	cz	10679.21
id	ie	12138.36
id	nl	11335.07
id	sk	10382.91
id	co	19009.26
id	sg	1148.06
id	id	0.0
id	do	17969.54
id	lu	11339.75
id	gb	11764.66
id	al	10378.97
id	py	17196.22
id	au	3457.27
id	lv	10039.14
id	gr	10243.39
id	hk	2578.09
do	ec	2449.24
do	fr	7173.29
do	ar	6391.3
do	fi	8479.38
do	no	7582.33
do	it	8041.7
do	lt	8557.92
do	ph	16263.24
do	tw	15144.12
do	nz	13433.34
do	ee	8531.0
do	tr	9966.5
do	us	3216.18
do	sv	2072.32
do	cr	1771.43
do	de	7749.14
do	cl	6051.67
do	jp	13213.74
do	br	4174.98
do	hn	1753.82
do	gt	2154.76
do	ch	7629.26
do	hu	8467.7
do	ca	5132.25
do	pe	3150.32
do	be	7333.31
do	my	17321.39
do	dk	7650.87
do	bo	3960.37
do	pl	8332.16
do	at	8093.89
do	pt	6311.27
do	se	8143.58
do	mx	3394.54
do	pa	1611.86
do	uy	5901.68
do	is	6354.29
do	es	6695.28
do	cz	8120.01
do	ie	6496.25
do	nl	7388.41
do	sk	8445.28
do	co	1637.72
do	sg	17685.74
do	id	17969.54
do	do	0.0
do	lu	7453.43
do	gb	6839.9
do	al	8677.05
do	py	4859.14
do	au	17445.9
do	lv	8554.58
do	gr	8873.66
do	hk	15417.15
lu	ec	9755.39
lu	fr	493.75
lu	ar	11946.08
lu	fi	1805.19
lu	no	1194.02
lu	it	1013.37
lu	lt	1336.05
lu	ph	10657.61
lu	tw	9631.43
lu	nz	18692.53
lu	ee	1559.58
lu	tr	2586.15
lu	us	7694.38
lu	sv	9194.15
lu	cr	9172.27
lu	de	340.54
lu	cl	12174.06
lu	jp	9355.91
lu	br	9092.49
lu	hn	8889.41
lu	gt	9118.57
lu	ch	367.54
lu	hu	1027.13
lu	ca	6694.51
lu	pe	10159.7
lu	be	140.85
lu	my	10067.3
lu	dk	751.4
lu	bo	10004.54
lu	pl	941.42
lu	at	668.64
lu	pt	1617.08
lu	se	1392.4
lu	mx	9260.47
lu	pa	9062.01
lu	uy	10994.89
lu	is	2229.86
lu	es	1294.37
lu	cz	669.9
lu	ie	1067.63
lu	nl	264.26
lu	sk	991.84
lu	co	8932.65
lu	sg	10442.49
lu	id	11339.75
lu	do	7453.43
lu	lu	0.0
lu	gb	892.93
lu	al	1453.58
lu	py	10324.15
lu	au	14793.09
lu	lv	1449.12
lu	gr	1719.32
lu	hk	9324.56
gb	ec	9220.87
gb	fr	1091.26
gb	ar	11881.3
gb	fi	1818.49
gb	no	900.46
gb	it	1897.96
gb	lt	1719.29
gb	ph	10875.6
gb	tw	9772.29
gb	nz	18399.69
gb	ee	1746.16
gb	tr	3382.3
gb	us	6830.07
gb	sv	8463.79
gb	cr	8505.49
gb	de	1032.94
gb	cl	12000.47
gb	jp	9199.98
gb	br	8966.34
gb	hn	8169.73
gb	gt	8368.31
gb	ch	1249.33
gb	hu	1826.35
gb	ca	5807.15
gb	pe	9715.16
gb	be	756.97
gb	my	10582.25
gb	dk	812.9
gb	bo	9748.44
gb	pl	1529.61
gb	at	1515.21
gb	pt	1811.73
gb	se	1404.03
gb	mx	8414.18
gb	pa	8428.5
gb	uy	10964.16
gb	is	1363.03
gb	es	1658.48
gb	cz	1412.78
gb	ie	380.14
gb	nl	677.04
gb	sk	1738.93
gb	co	8389.01
gb	sg	10960.31
gb	id	11764.66
gb	do	6839.9
gb	lu	892.93
gb	gb	0.0
gb	al	2335.58
gb	py	10188.36
gb	au	15205.31
gb	lv	1733.22
gb	gr	2604.16
gb	hk	9556.82
al	ec	10839.78
al	fr	1545.6
al	ar	12251.34
al	fi	2339.47
al	no	2291.88
al	it	637.66
al	lt	1582.01
al	ph	10013.28
al	tw	9141.88
al	nz	17900.71
al	ee	1968.94
al	tr	1304.07
al	us	9146.36
al	sv	10529.67
al	cr	10434.91
al	de	1338.89
al	cl	12642.96
al	jp	9351.75
al	br	9608.15
al	hn	10215.65
al	gt	10476.07
al	ch	1142.33
al	hu	670.25
al	ca	8087.88
al	pe	11109.93
al	be	1594.29
al	my	9013.53
al	dk	1848.5
al	bo	10683.62
al	pl	1199.6
al	at	836.25
al	pt	2405.74
al	se	2112.4
al	mx	10703.14
al	pa	10285.83
al	uy	11286.65
al	is	3615.75
al	es	2008.01
al	cz	1030.03
al	ie	2514.09
al	nl	1661.01
al	sk	836.48
al	co	10045.26
al	sg	9376.85
al	id	10378.97
al	do	8677.05
al	lu	1453.58
al	gb	2335.58
al	al	0.0
al	py	10808.08
al	au	13744.85
al	lv	1777.32
al	gr	270.67
al	hk	8705.49
py	ec	3208.7
py	fr	9855.76
py	ar	1735.63
py	fi	11997.1
py	no	11087.91
py	it	10282.64
py	lt	11660.1
py	ph	18839.43
py	tw	19947.11
py	nz	10989.89
py	ee	11848.75
py	tr	11921.75
py	us	7780.13
py	sv	5301.89
py	cr	4603.82
py	de	10662.74
py	cl	1855.09
py	jp	17873.6
py	br	1231.77
py	hn	5252.99
py	gt	5564.04
py	ch	10271.31
py	hu	11040.22
py	ca	9927.73
py	pe	2369.89
py	be	10270.2
py	my	17015.86
py	dk	10898.78
py	bo	959.87
py	pl	11234.84
py	at	10723.1
py	pt	8717.05
py	se	11569.88
py	mx	7076.12
py	pa	4305.98
py	uy	1043.18
py	is	10392.82
py	es	9078.55
py	cz	10901.54
py	ie	9812.06
py	nl	10420.46
py	sk	11122.77
py	co	3558.02
py	sg	16901.46
py	id	17196.22
py	do	4859.14
py	lu	10324.15
py	gb	10188.36
py	al	10808.08
py	py	0.0
py	au	14439.67
py	lv	11765.36
py	gr	10839.95
py	hk	19242.78
au	ec	15440.5
au	fr	15158.38
au	ar	12704.18
au	fi	13404.84
au	no	14341.42
au	it	14380.86
au	lt	13537.29
au	ph	4437.26
au	tw	5617.36
au	nz	4157.41
au	ee	13460.79
au	tr	12440.78
au	us	15183.75
au	sv	15385.7
au	cr	15697.29
au	de	14465.53
au	cl	12733.51
au	jp	6851.99
au	br	15577.86
au	hn	15709.31
au	gt	15333.51
au	ch	14693.85
au	hu	13838.55
au	ca	14150.94
au	pe	15074.23
au	be	14891.72
au	my	4745.87
au	dk	14413.85
au	bo	15024.55
au	pl	13859.39
au	at	14211.17
au	pt	16150.1
au	se	13805.31
au	mx	14352.94
au	pa	15913.06
au	uy	13508.58
au	is	15194.25
au	es	15752.86
au	cz	14129.1
au	ie	15582.59
au	nl	14792.34
au	sk	13826.26
au	co	16237.53
au	sg	4376.35
au	id	3457.27
au	do	17445.9
au	lu	14793.09
au	gb	15205.31
au	al	13744.85
au	py	14439.67
au	au	0.0
au	lv	13489.74
au	gr	13577.32
au	hk	5709.08
lv	ec	10951.03
lv	fr	1934.0
lv	ar	13395.19
lv	fi	564.6
lv	no	1011.23
lv	it	1876.18
lv	lt	195.37
lv	ph	9239.46
lv	tw	8191.06
lv	nz	17245.54
lv	ee	192.31
lv	tr	2138.17
lv	us	8165.35
lv	sv	10082.84
lv	cr	10184.03
lv	de	1118.28
lv	cl	13610.59
lv	jp	7946.45
lv	br	10533.66
lv	hn	9803.42
lv	gt	9962.6
lv	ch	1578.7
lv	hu	1134.61
lv	ca	6702.03
lv	pe	11445.54
lv	be	1495.33
lv	my	8850.05
lv	dk	925.65
lv	bo	11409.59
lv	pl	654.51
lv	at	1243.51
lv	pt	3066.18
lv	se	499.95
lv	mx	9794.07
lv	pa	10128.21
lv	uy	12443.6
lv	is	2462.58
lv	es	2733.24
lv	cz	990.13
lv	ie	2101.17
lv	nl	1347.99
lv	sk	970.09
lv	co	10118.72
lv	sg	9228.13
lv	id	10039.14
lv	do	8554.58
lv	lu	1449.12
lv	gb	1733.22
lv	al	1777.32
lv	py	11765.36
lv	au	13489.74
lv	lv	0.0
lv	gr	1990.14
lv	hk	7908.66
gr	ec	10998.42
gr	fr	1783.59
gr	ar	12239.64
gr	fi	2554.69
gr	no	2553.81
gr	it	841.95
gr	lt	1796.18
gr	ph	9945.01
gr	tw	9109.25
gr	nz	17719.33
gr	ee	2182.45
gr	tr	1158.24
gr	us	9408.42
gr	sv	10750.7
gr	cr	10637.1
gr	de	1609.5
gr	cl	12661.0
gr	jp	9410.5
gr	br	9652.81
gr	hn	10434.64
gr	gt	10703.29
gr	ch	1398.81
gr	hu	918.73
gr	ca	8357.93
gr	pe	11237.44
gr	be	1859.77
gr	my	8862.42
gr	dk	2114.95
gr	bo	10755.52
gr	pl	1443.18
gr	at	1106.85
gr	pt	2576.01
gr	se	2351.52
gr	mx	10959.06
gr	pa	10478.78
gr	uy	11278.24
gr	is	3886.26
gr	es	2183.41
gr	cz	1295.41
gr	ie	2775.64
gr	nl	1930.48
gr	sk	1080.24
gr	co	10212.82
gr	sg	9221.81
gr	id	10243.39
gr	do	8873.66
gr	lu	1719.32
gr	gb	2604.16
gr	al	270.67
gr	py	10839.95
gr	au	13577.32
gr	lv	1990.14
gr	gr	0.0
gr	hk	8649.13
hk	ec	17369.8
hk	fr	9773.82
hk	ar	18219.78
hk	fi	7738.47
hk	no	8667.82
hk	it	9262.81
hk	lt	7994.72
hk	ph	1333.12
hk	tw	715.65
hk	nz	9421.95
hk	ee	7845.67
hk	tr	7534.73
hk	us	12698.88
hk	sv	15273.16
hk	cr	15944.12
hk	de	8984.02
hk	cl	18439.57
hk	jp	2786.8
hk	br	18284.8
hk	hn	15282.49
hk	gt	15009.55
hk	ch	9338.91
hk	hu	8535.72
hk	ca	10489.85
hk	pe	18252.32
hk	be	9392.16
hk	my	2407.35
hk	dk	8806.4
hk	bo	19293.55
hk	pl	8393.59
hk	at	8871.64
hk	pt	10903.73
hk	se	8155.73
hk	mx	13541.0
hk	pa	16211.07
hk	uy	18510.68
hk	is	9511.51
hk	es	10526.49
hk	cz	8714.46
hk	ie	9936.81
hk	nl	9255.38
hk	sk	8468.6
hk	co	16879.37
hk	sg	2590.86
hk	id	2578.09
hk	do	15417.15
hk	lu	9324.56
hk	gb	9556.82
hk	al	8705.49
hk	py	19242.78
hk	au	5709.08
hk	lv	7908.66
hk	gr	8649.13
hk	hk	0.0
